<?xml version="1.0" encoding="UTF-8"?>
<DocSetNodes version="1.0">
  <TOC>
    <Node>
      <Name>Root</Name>
      <Path>index.html</Path>
      <Subnodes>
       <Node>
        <Name>The Basics of Tizen Native API Reference</Name>
        <Path>index.html</Path>
       </Node>
       <Node>
        <Name>Native API Reference</Name>
        <Path>modules.html</Path>
        <Subnodes>
         <Node>
          <Name>Application Framework</Name>
          <Path>group__CAPI__APPLICATION__FRAMEWORK.html</Path>
          <Subnodes>
           <Node>
            <Name>Application</Name>
            <Path>group__CAPI__APPLICATION__MODULE.html</Path>
            <Subnodes>
             <Node>
              <Name>Alarm</Name>
              <Path>group__CAPI__ALARM__MODULE.html</Path>
              <Subnodes>
              </Subnodes>
             </Node>
             <Node>
              <Name>App Common</Name>
              <Path>group__CAPI__APP__COMMON__MODULE.html</Path>
              <Subnodes>
              </Subnodes>
             </Node>
             <Node>
              <Name>App Control</Name>
              <Path>group__CAPI__APP__CONTROL__MODULE.html</Path>
              <Subnodes>
              </Subnodes>
             </Node>
             <Node>
              <Name>Internationalization</Name>
              <Path>group__CAPI__I18N__MODULE.html</Path>
              <Subnodes>
              </Subnodes>
             </Node>
             <Node>
              <Name>Preference</Name>
              <Path>group__CAPI__PREFERENCE__MODULE.html</Path>
              <Subnodes>
              </Subnodes>
             </Node>
            </Subnodes>
           </Node>
           <Node>
            <Name>Application Manager</Name>
            <Path>group__CAPI__APPLICATION__MANAGER__MODULE.html</Path>
            <Subnodes>
             <Node>
              <Name>Application Context</Name>
              <Path>group__CAPI__APP__CONTEXT__MODULE.html</Path>
              <Subnodes>
              </Subnodes>
             </Node>
             <Node>
              <Name>Application Information</Name>
              <Path>group__CAPI__APP__INFO__MODULE.html</Path>
              <Subnodes>
              </Subnodes>
             </Node>
            </Subnodes>
           </Node>
           <Node>
            <Name>Badge</Name>
            <Path>group__BADGE__MODULE.html</Path>
            <Subnodes>
            </Subnodes>
           </Node>
           <Node>
            <Name>Bundle</Name>
            <Path>group__CORE__LIB__BUNDLE__MODULE.html</Path>
            <Subnodes>
            </Subnodes>
           </Node>
           <Node>
            <Name>Data Control</Name>
            <Path>group__CAPI__DATA__CONTROL__MODULE.html</Path>
            <Subnodes>
             <Node>
              <Name>Data Control Consumer</Name>
              <Path>group__CAPI__DATA__CONTROL__CONSUMER__MODULE.html</Path>
              <Subnodes>
              </Subnodes>
             </Node>
             <Node>
              <Name>Data Control Provider</Name>
              <Path>group__CAPI__DATA__CONTROL__PROVIDER__MODULE.html</Path>
              <Subnodes>
              </Subnodes>
             </Node>
            </Subnodes>
           </Node>
           <Node>
            <Name>Message Port</Name>
            <Path>group__CAPI__MESSAGE__PORT__MODULE.html</Path>
            <Subnodes>
            </Subnodes>
           </Node>
           <Node>
            <Name>Notification</Name>
            <Path>group__NOTIFICATION__MODULE.html</Path>
            <Subnodes>
             <Node>
              <Name>Notification Status</Name>
              <Path>group__NOTIFICATION__STATUS.html</Path>
              <Subnodes>
              </Subnodes>
             </Node>
            </Subnodes>
           </Node>
           <Node>
            <Name>Package Manager</Name>
            <Path>group__CAPI__PACKAGE__MANAGER__MODULE.html</Path>
            <Subnodes>
             <Node>
              <Name>Package Information</Name>
              <Path>group__CAPI__PACKAGE__INFO__MODULE.html</Path>
              <Subnodes>
              </Subnodes>
             </Node>
            </Subnodes>
           </Node>
           <Node>
            <Name>Service Application</Name>
            <Path>group__CAPI__SERVICE__APP__MODULE.html</Path>
            <Subnodes>
            </Subnodes>
           </Node>
           <Node>
            <Name>Shortcut</Name>
            <Path>group__SHORTCUT__MODULE.html</Path>
            <Subnodes>
            </Subnodes>
           </Node>
          </Subnodes>
         </Node>
         <Node>
          <Name>Base</Name>
          <Path>group__CAPI__BASE__FRAMEWORK.html</Path>
          <Subnodes>
           <Node>
            <Name>C++ Standard Library</Name>
            <Path>group__OPENSRC__STL__GCC__FRAMEWORK.html</Path>
            <Subnodes>
            </Subnodes>
           </Node>
           <Node>
            <Name>Common Error</Name>
            <Path>group__CAPI__COMMON__ERROR.html</Path>
            <Subnodes>
            </Subnodes>
           </Node>
           <Node>
            <Name>EGlibc</Name>
            <Path>group__OPENSRC__EGLIBC__FRAMEWORK.html</Path>
            <Subnodes>
            </Subnodes>
           </Node>
           <Node>
            <Name>Glib</Name>
            <Path>group__OPENSRC__GLIB__FRAMEWORK.html</Path>
            <Subnodes>
            </Subnodes>
           </Node>
           <Node>
            <Name>LibXML</Name>
            <Path>group__OPENSRC__LIBXML__FRAMEWORK.html</Path>
            <Subnodes>
            </Subnodes>
           </Node>
           <Node>
            <Name>Minizip</Name>
            <Path>group__OPENSRC__MINIZIP__FRAMEWORK.html</Path>
            <Subnodes>
            </Subnodes>
           </Node>
           <Node>
            <Name>OpenMP</Name>
            <Path>group__OPENSRC__OPENMP__FRAMEWORK.html</Path>
            <Subnodes>
            </Subnodes>
           </Node>
           <Node>
            <Name>Sqlite</Name>
            <Path>group__OPENSRC__SQLITE__FRAMEWORK.html</Path>
            <Subnodes>
            </Subnodes>
           </Node>
           <Node>
            <Name>Utils</Name>
            <Path>group__CAPI__BASE__UTILS__MODULE.html</Path>
            <Subnodes>
             <Node>
              <Name>i18n</Name>
              <Path>group__CAPI__BASE__UTILS__I18N__MODULE.html</Path>
              <Subnodes>
               <Node>
                <Name>Timezone</Name>
                <Path>group__CAPI__BASE__UTILS__I18N__TIMEZONE__MODULE.html</Path>
                <Subnodes>
                </Subnodes>
               </Node>
               <Node>
                <Name>Ucalendar</Name>
                <Path>group__CAPI__BASE__UTILS__I18N__UCALENDAR__MODULE.html</Path>
                <Subnodes>
                </Subnodes>
               </Node>
               <Node>
                <Name>Uchar</Name>
                <Path>group__CAPI__BASE__UTILS__I18N__UCHAR__MODULE.html</Path>
                <Subnodes>
                </Subnodes>
               </Node>
               <Node>
                <Name>Ucollator</Name>
                <Path>group__CAPI__BASE__UTILS__I18N__UCOLLATOR__MODULE.html</Path>
                <Subnodes>
                </Subnodes>
               </Node>
               <Node>
                <Name>Udate</Name>
                <Path>group__CAPI__BASE__UTILS__I18N__UDATE__MODULE.html</Path>
                <Subnodes>
                </Subnodes>
               </Node>
               <Node>
                <Name>Udatepg</Name>
                <Path>group__CAPI__BASE__UTILS__I18N__UDATEPG__MODULE.html</Path>
                <Subnodes>
                </Subnodes>
               </Node>
               <Node>
                <Name>Ulocale</Name>
                <Path>group__CAPI__BASE__UTILS__I18N__ULOCALE__MODULE.html</Path>
                <Subnodes>
                </Subnodes>
               </Node>
               <Node>
                <Name>Unormalization</Name>
                <Path>group__CAPI__BASE__UTILS__I18N__UNORMALIZATION__MODULE.html</Path>
                <Subnodes>
                </Subnodes>
               </Node>
               <Node>
                <Name>Unumber</Name>
                <Path>group__CAPI__BASE__UTILS__I18N__UNUMBER__MODULE.html</Path>
                <Subnodes>
                </Subnodes>
               </Node>
               <Node>
                <Name>Usearch</Name>
                <Path>group__CAPI__BASE__UTILS__I18N__USEARCH__MODULE.html</Path>
                <Subnodes>
                </Subnodes>
               </Node>
               <Node>
                <Name>Ustring</Name>
                <Path>group__CAPI__BASE__UTILS__I18N__USTRING__MODULE.html</Path>
                <Subnodes>
                </Subnodes>
               </Node>
              </Subnodes>
             </Node>
            </Subnodes>
           </Node>
          </Subnodes>
         </Node>
         <Node>
          <Name>Content</Name>
          <Path>group__CAPI__CONTENT__FRAMEWORK.html</Path>
          <Subnodes>
           <Node>
            <Name>Download</Name>
            <Path>group__CAPI__WEB__DOWNLOAD__MODULE.html</Path>
            <Subnodes>
            </Subnodes>
           </Node>
           <Node>
            <Name>MIME Type</Name>
            <Path>group__CAPI__CONTENT__MIME__TYPE__MODULE.html</Path>
            <Subnodes>
            </Subnodes>
           </Node>
           <Node>
            <Name>Media Content</Name>
            <Path>group__CAPI__MEDIA__CONTENT__MODULE.html</Path>
            <Subnodes>
             <Node>
              <Name>Media Album</Name>
              <Path>group__CAPI__CONTENT__MEDIA__ALBUM__MODULE.html</Path>
              <Subnodes>
              </Subnodes>
             </Node>
             <Node>
              <Name>Media Bookmark</Name>
              <Path>group__CAPI__CONTENT__MEDIA__BOOKMARK__MODULE.html</Path>
              <Subnodes>
              </Subnodes>
             </Node>
             <Node>
              <Name>Media Filter</Name>
              <Path>group__CAPI__CONTENT__MEDIA__FILTER__MODULE.html</Path>
              <Subnodes>
              </Subnodes>
             </Node>
             <Node>
              <Name>Media Folder</Name>
              <Path>group__CAPI__CONTENT__MEDIA__FOLDER__MODULE.html</Path>
              <Subnodes>
              </Subnodes>
             </Node>
             <Node>
              <Name>Media Group</Name>
              <Path>group__CAPI__CONTENT__MEDIA__GROUP__MODULE.html</Path>
              <Subnodes>
              </Subnodes>
             </Node>
             <Node>
              <Name>Media Information</Name>
              <Path>group__CAPI__CONTENT__MEDIA__INFO__MODULE.html</Path>
              <Subnodes>
               <Node>
                <Name>Audio Metadata</Name>
                <Path>group__CAPI__CONTENT__MEDIA__AUDIO__META__MODULE.html</Path>
                <Subnodes>
                </Subnodes>
               </Node>
               <Node>
                <Name>Image Metadata</Name>
                <Path>group__CAPI__CONTENT__MEDIA__IMAGE__MODULE.html</Path>
                <Subnodes>
                </Subnodes>
               </Node>
               <Node>
                <Name>Video Metadata</Name>
                <Path>group__CAPI__CONTENT__MEDIA__VIDEO__META__MODULE.html</Path>
                <Subnodes>
                </Subnodes>
               </Node>
              </Subnodes>
             </Node>
             <Node>
              <Name>Media Playlist</Name>
              <Path>group__CAPI__CONTENT__MEDIA__PLAYLIST__MODULE.html</Path>
              <Subnodes>
              </Subnodes>
             </Node>
             <Node>
              <Name>Media Tag</Name>
              <Path>group__CAPI__CONTENT__MEDIA__TAG__MODULE.html</Path>
              <Subnodes>
              </Subnodes>
             </Node>
            </Subnodes>
           </Node>
          </Subnodes>
         </Node>
         <Node>
          <Name>Context</Name>
          <Path>group__CAPI__CONTEXT__FRAMEWORK.html</Path>
          <Subnodes>
           <Node>
            <Name>Activity Recognition</Name>
            <Path>group__CAPI__CONTEXT__ACTIVITY__MODULE.html</Path>
            <Subnodes>
            </Subnodes>
           </Node>
           <Node>
            <Name>Gesture Recognition</Name>
            <Path>group__CAPI__CONTEXT__GESTURE__MODULE.html</Path>
            <Subnodes>
            </Subnodes>
           </Node>
          </Subnodes>
         </Node>
         <Node>
          <Name>Location</Name>
          <Path>group__CAPI__LOCATION__FRAMEWORK.html</Path>
          <Subnodes>
           <Node>
            <Name>Location Manager</Name>
            <Path>group__CAPI__LOCATION__MANAGER__MODULE.html</Path>
            <Subnodes>
             <Node>
              <Name>GPS Status &amp; Satellite</Name>
              <Path>group__CAPI__LOCATION__GPS__STATUS__MODULE.html</Path>
              <Subnodes>
              </Subnodes>
             </Node>
             <Node>
              <Name>Location Bounds</Name>
              <Path>group__CAPI__LOCATION__BOUNDS__MODULE.html</Path>
              <Subnodes>
              </Subnodes>
             </Node>
            </Subnodes>
           </Node>
          </Subnodes>
         </Node>
         <Node>
          <Name>Messaging</Name>
          <Path>group__CAPI__MESSAGING__FRAMEWORK.html</Path>
          <Subnodes>
           <Node>
            <Name>Email</Name>
            <Path>group__CAPI__MESSAGING__EMAIL__MODULE.html</Path>
            <Subnodes>
            </Subnodes>
           </Node>
           <Node>
            <Name>Messages</Name>
            <Path>group__CAPI__MESSAGING__MESSAGES__MODULE.html</Path>
            <Subnodes>
             <Node>
              <Name>MMS</Name>
              <Path>group__CAPI__MESSAGING__MESSAGES__MMS__MODULE.html</Path>
              <Subnodes>
              </Subnodes>
             </Node>
             <Node>
              <Name>WAP Push</Name>
              <Path>group__CAPI__MESSAGING__MESSAGES__PUSH__MODULE.html</Path>
              <Subnodes>
              </Subnodes>
             </Node>
            </Subnodes>
           </Node>
           <Node>
            <Name>Push</Name>
            <Path>group__CAPI__MESSAGING__PUSH__PUBLIC__MODULE.html</Path>
            <Subnodes>
            </Subnodes>
           </Node>
          </Subnodes>
         </Node>
         <Node>
          <Name>Multimedia</Name>
          <Path>group__CAPI__MEDIA__FRAMEWORK.html</Path>
          <Subnodes>
           <Node>
            <Name>Audio I/O</Name>
            <Path>group__CAPI__MEDIA__AUDIO__IO__MODULE.html</Path>
            <Subnodes>
             <Node>
              <Name>Audio Input</Name>
              <Path>group__CAPI__MEDIA__AUDIO__IN__MODULE.html</Path>
              <Subnodes>
              </Subnodes>
             </Node>
             <Node>
              <Name>Audio Output</Name>
              <Path>group__CAPI__MEDIA__AUDIO__OUT__MODULE.html</Path>
              <Subnodes>
              </Subnodes>
             </Node>
            </Subnodes>
           </Node>
           <Node>
            <Name>Camera</Name>
            <Path>group__CAPI__MEDIA__CAMERA__MODULE.html</Path>
            <Subnodes>
             <Node>
              <Name>Attributes</Name>
              <Path>group__CAPI__MEDIA__CAMERA__ATTRIBUTES__MODULE.html</Path>
              <Subnodes>
              </Subnodes>
             </Node>
             <Node>
              <Name>Capability</Name>
              <Path>group__CAPI__MEDIA__CAMERA__CAPABILITY__MODULE.html</Path>
              <Subnodes>
              </Subnodes>
             </Node>
             <Node>
              <Name>Display</Name>
              <Path>group__CAPI__MEDIA__CAMERA__DISPLAY__MODULE.html</Path>
              <Subnodes>
              </Subnodes>
             </Node>
            </Subnodes>
           </Node>
           <Node>
            <Name>Image Util</Name>
            <Path>group__CAPI__MEDIA__IMAGE__UTIL__MODULE.html</Path>
            <Subnodes>
            </Subnodes>
           </Node>
           <Node>
            <Name>Media Codec</Name>
            <Path>group__CAPI__MEDIA__CODEC__MODULE.html</Path>
            <Subnodes>
            </Subnodes>
           </Node>
           <Node>
            <Name>Media Tool</Name>
            <Path>group__CAPI__MEDIA__TOOL__MODULE.html</Path>
            <Subnodes>
             <Node>
              <Name>Media Format</Name>
              <Path>group__CAPI__MEDIA__TOOL__MEDIA__FORMAT__MODULE.html</Path>
              <Subnodes>
              </Subnodes>
             </Node>
            </Subnodes>
           </Node>
           <Node>
            <Name>Metadata Extractor</Name>
            <Path>group__CAPI__METADATA__EXTRACTOR__MODULE.html</Path>
            <Subnodes>
            </Subnodes>
           </Node>
           <Node>
            <Name>OpenAL</Name>
            <Path>group__OPENSRC__OPENAL__FRAMEWORK.html</Path>
            <Subnodes>
            </Subnodes>
           </Node>
           <Node>
            <Name>Player</Name>
            <Path>group__CAPI__MEDIA__PLAYER__MODULE.html</Path>
            <Subnodes>
             <Node>
              <Name>Audio Effect</Name>
              <Path>group__CAPI__MEDIA__PLAYER__AUDIO__EFFECT__MODULE.html</Path>
              <Subnodes>
              </Subnodes>
             </Node>
             <Node>
              <Name>Display</Name>
              <Path>group__CAPI__MEDIA__PLAYER__DISPLAY__MODULE.html</Path>
              <Subnodes>
              </Subnodes>
             </Node>
             <Node>
              <Name>Stream Information</Name>
              <Path>group__CAPI__MEDIA__PLAYER__STREAM__INFO__MODULE.html</Path>
              <Subnodes>
              </Subnodes>
             </Node>
             <Node>
              <Name>Subtitle</Name>
              <Path>group__CAPI__MEDIA__PLAYER__SUBTITLE__MODULE.html</Path>
              <Subnodes>
              </Subnodes>
             </Node>
            </Subnodes>
           </Node>
           <Node>
            <Name>Radio</Name>
            <Path>group__CAPI__MEDIA__RADIO__MODULE.html</Path>
            <Subnodes>
            </Subnodes>
           </Node>
           <Node>
            <Name>Recorder</Name>
            <Path>group__CAPI__MEDIA__RECORDER__MODULE.html</Path>
            <Subnodes>
             <Node>
              <Name>Attributes</Name>
              <Path>group__CAPI__MEDIA__RECORDER__ATTRIBUTES__MODULE.html</Path>
              <Subnodes>
              </Subnodes>
             </Node>
             <Node>
              <Name>Capability</Name>
              <Path>group__CAPI__MEDIA__RECORDER__CAPABILITY__MODULE.html</Path>
              <Subnodes>
              </Subnodes>
             </Node>
            </Subnodes>
           </Node>
           <Node>
            <Name>Sound Manager</Name>
            <Path>group__CAPI__MEDIA__SOUND__MANAGER__MODULE.html</Path>
            <Subnodes>
             <Node>
              <Name>Device</Name>
              <Path>group__CAPI__MEDIA__SOUND__MANAGER__DEVICE__MODULE.html</Path>
              <Subnodes>
              </Subnodes>
             </Node>
             <Node>
              <Name>Session</Name>
              <Path>group__CAPI__MEDIA__SOUND__MANAGER__SESSION__MODULE.html</Path>
              <Subnodes>
              </Subnodes>
             </Node>
             <Node>
              <Name>Volume</Name>
              <Path>group__CAPI__MEDIA__SOUND__MANAGER__VOLUME__MODULE.html</Path>
              <Subnodes>
              </Subnodes>
             </Node>
            </Subnodes>
           </Node>
           <Node>
            <Name>Tone Player</Name>
            <Path>group__CAPI__MEDIA__TONE__PLAYER__MODULE.html</Path>
            <Subnodes>
            </Subnodes>
           </Node>
           <Node>
            <Name>Video Util</Name>
            <Path>group__CAPI__MEDIA__VIDEO__UTIL__MODULE.html</Path>
            <Subnodes>
            </Subnodes>
           </Node>
           <Node>
            <Name>WAV Player</Name>
            <Path>group__CAPI__MEDIA__WAV__PLAYER__MODULE.html</Path>
            <Subnodes>
            </Subnodes>
           </Node>
           <Node>
            <Name>libEXIF</Name>
            <Path>group__OPENSRC__LIBEXIF__FRAMEWORK.html</Path>
            <Subnodes>
            </Subnodes>
           </Node>
          </Subnodes>
         </Node>
         <Node>
          <Name>Network</Name>
          <Path>group__CAPI__NETWORK__FRAMEWORK.html</Path>
          <Subnodes>
           <Node>
            <Name>Bluetooth</Name>
            <Path>group__CAPI__NETWORK__BLUETOOTH__MODULE.html</Path>
            <Subnodes>
             <Node>
              <Name>Bluetooth Adapter</Name>
              <Path>group__CAPI__NETWORK__BLUETOOTH__ADAPTER__MODULE.html</Path>
              <Subnodes>
              </Subnodes>
             </Node>
             <Node>
              <Name>Bluetooth Audio</Name>
              <Path>group__CAPI__NETWORK__BLUETOOTH__AUDIO__MODULE.html</Path>
              <Subnodes>
              </Subnodes>
             </Node>
             <Node>
              <Name>Bluetooth Device</Name>
              <Path>group__CAPI__NETWORK__BLUETOOTH__DEVICE__MODULE.html</Path>
              <Subnodes>
              </Subnodes>
             </Node>
             <Node>
              <Name>Bluetooth GATT</Name>
              <Path>group__CAPI__NETWORK__BLUETOOTH__GATT__MODULE.html</Path>
              <Subnodes>
              </Subnodes>
             </Node>
             <Node>
              <Name>Bluetooth HDP</Name>
              <Path>group__CAPI__NETWORK__BLUETOOTH__HDP__MODULE.html</Path>
              <Subnodes>
              </Subnodes>
             </Node>
             <Node>
              <Name>Bluetooth HID</Name>
              <Path>group__CAPI__NETWORK__BLUETOOTH__HID__MODULE.html</Path>
              <Subnodes>
              </Subnodes>
             </Node>
             <Node>
              <Name>Bluetooth LE Adapter</Name>
              <Path>group__CAPI__NETWORK__BLUETOOTH__ADAPTER__LE__MODULE.html</Path>
              <Subnodes>
              </Subnodes>
             </Node>
             <Node>
              <Name>Bluetooth OPP</Name>
              <Path>group__CAPI__NETWORK__BLUETOOTH__OPP__MODULE.html</Path>
              <Subnodes>
               <Node>
                <Name>Bluetooth OPP Client</Name>
                <Path>group__CAPI__NETWORK__BLUETOOTH__OPP__CLIENT__MODULE.html</Path>
                <Subnodes>
                </Subnodes>
               </Node>
               <Node>
                <Name>Bluetooth OPP Server</Name>
                <Path>group__CAPI__NETWORK__BLUETOOTH__OPP__SERVER__MODULE.html</Path>
                <Subnodes>
                </Subnodes>
               </Node>
              </Subnodes>
             </Node>
             <Node>
              <Name>Bluetooth Socket</Name>
              <Path>group__CAPI__NETWORK__BLUETOOTH__SOCKET__MODULE.html</Path>
              <Subnodes>
              </Subnodes>
             </Node>
            </Subnodes>
           </Node>
           <Node>
            <Name>Connection</Name>
            <Path>group__CAPI__NETWORK__CONNECTION__MODULE.html</Path>
            <Subnodes>
             <Node>
              <Name>Connection Manager</Name>
              <Path>group__CAPI__NETWORK__CONNECTION__MANAGER__MODULE.html</Path>
              <Subnodes>
               <Node>
                <Name>Connection Profile</Name>
                <Path>group__CAPI__NETWORK__CONNECTION__PROFILE__MODULE.html</Path>
                <Subnodes>
                 <Node>
                  <Name>Cellular Profile</Name>
                  <Path>group__CAPI__NETWORK__CONNECTION__CELLULAR__PROFILE__MODULE.html</Path>
                  <Subnodes>
                  </Subnodes>
                 </Node>
                 <Node>
                  <Name>Wi-Fi Profile</Name>
                  <Path>group__CAPI__NETWORK__CONNECTION__WIFI__PROFILE__MODULE.html</Path>
                  <Subnodes>
                  </Subnodes>
                 </Node>
                </Subnodes>
               </Node>
              </Subnodes>
             </Node>
             <Node>
              <Name>Connection Statistics</Name>
              <Path>group__CAPI__NETWORK__CONNECTION__STATISTICS__MODULE.html</Path>
              <Subnodes>
              </Subnodes>
             </Node>
            </Subnodes>
           </Node>
           <Node>
            <Name>Curl</Name>
            <Path>group__OPENSRC__CURL__FRAMEWORK.html</Path>
            <Subnodes>
            </Subnodes>
           </Node>
           <Node>
            <Name>NFC</Name>
            <Path>group__CAPI__NETWORK__NFC__MODULE.html</Path>
            <Subnodes>
             <Node>
              <Name>Card Emulation</Name>
              <Path>group__CAPI__NETWORK__NFC__SE__MODULE.html</Path>
              <Subnodes>
              </Subnodes>
             </Node>
             <Node>
              <Name>Manager</Name>
              <Path>group__CAPI__NETWORK__NFC__MANAGER__MODULE.html</Path>
              <Subnodes>
              </Subnodes>
             </Node>
             <Node>
              <Name>NDEF</Name>
              <Path>group__CAPI__NETWORK__NFC__NDEF__MODULE.html</Path>
              <Subnodes>
               <Node>
                <Name>Message</Name>
                <Path>group__CAPI__NETWORK__NFC__NDEF__MESSAGE__MODULE.html</Path>
                <Subnodes>
                </Subnodes>
               </Node>
               <Node>
                <Name>Record</Name>
                <Path>group__CAPI__NETWORK__NFC__NDEF__RECORD__MODULE.html</Path>
                <Subnodes>
                </Subnodes>
               </Node>
              </Subnodes>
             </Node>
             <Node>
              <Name>Peer to Peer</Name>
              <Path>group__CAPI__NETWORK__NFC__P2P__MODULE.html</Path>
              <Subnodes>
              </Subnodes>
             </Node>
             <Node>
              <Name>TAG</Name>
              <Path>group__CAPI__NETWORK__NFC__TAG__MODULE.html</Path>
              <Subnodes>
               <Node>
                <Name>Mifare</Name>
                <Path>group__CAPI__NETWORK__NFC__TAG__MIFARE__MODULE.html</Path>
                <Subnodes>
                </Subnodes>
               </Node>
              </Subnodes>
             </Node>
            </Subnodes>
           </Node>
           <Node>
            <Name>Wi-Fi</Name>
            <Path>group__CAPI__NETWORK__WIFI__MODULE.html</Path>
            <Subnodes>
             <Node>
              <Name>Wi-Fi Manager</Name>
              <Path>group__CAPI__NETWORK__WIFI__MANAGER__MODULE.html</Path>
              <Subnodes>
               <Node>
                <Name>AP</Name>
                <Path>group__CAPI__NETWORK__WIFI__AP__MODULE.html</Path>
                <Subnodes>
                 <Node>
                  <Name>Network Information</Name>
                  <Path>group__CAPI__NETWORK__WIFI__AP__NETWORK__MODULE.html</Path>
                  <Subnodes>
                  </Subnodes>
                 </Node>
                 <Node>
                  <Name>Security Information</Name>
                  <Path>group__CAPI__NETWORK__WIFI__AP__SECURITY__MODULE.html</Path>
                  <Subnodes>
                   <Node>
                    <Name>EAP</Name>
                    <Path>group__CAPI__NETWORK__WIFI__AP__SECURITY__EAP__MODULE.html</Path>
                    <Subnodes>
                    </Subnodes>
                   </Node>
                  </Subnodes>
                 </Node>
                </Subnodes>
               </Node>
              </Subnodes>
             </Node>
             <Node>
              <Name>Wi-Fi Monitor</Name>
              <Path>group__CAPI__NETWORK__WIFI__MONITOR__MODULE.html</Path>
              <Subnodes>
              </Subnodes>
             </Node>
            </Subnodes>
           </Node>
           <Node>
            <Name>Wi-Fi Direct</Name>
            <Path>group__CAPI__NETWORK__WIFI__DIRECT__MODULE.html</Path>
            <Subnodes>
            </Subnodes>
           </Node>
          </Subnodes>
         </Node>
         <Node>
          <Name>Security</Name>
          <Path>group__CAPI__SECURITY__FRAMEWORK.html</Path>
          <Subnodes>
           <Node>
            <Name>Key Manager</Name>
            <Path>group__CAPI__KEY__MANAGER__MODULE.html</Path>
            <Subnodes>
             <Node>
              <Name>Key Manager Client</Name>
              <Path>group__CAPI__KEY__MANAGER__CLIENT__MODULE.html</Path>
              <Subnodes>
              </Subnodes>
             </Node>
             <Node>
              <Name>Key Manager Data Types</Name>
              <Path>group__CAPI__KEY__MANAGER__TYPES__MODULE.html</Path>
              <Subnodes>
              </Subnodes>
             </Node>
            </Subnodes>
           </Node>
           <Node>
            <Name>OpenSSL</Name>
            <Path>group__OPENSRC__OPENSSL__FRAMEWORK.html</Path>
            <Subnodes>
            </Subnodes>
           </Node>
           <Node>
            <Name>Privilege Info</Name>
            <Path>group__CAPI__SECURITY__FRAMEWORK__PRIVILEGE__INFO__MODULE.html</Path>
            <Subnodes>
            </Subnodes>
           </Node>
          </Subnodes>
         </Node>
         <Node>
          <Name>Social</Name>
          <Path>group__CAPI__SOCIAL__FRAMEWORK.html</Path>
          <Subnodes>
           <Node>
            <Name>Account Manager</Name>
            <Path>group__CAPI__ACCOUNT__MANAGER__MODULE.html</Path>
            <Subnodes>
            </Subnodes>
           </Node>
           <Node>
            <Name>Calendar</Name>
            <Path>group__CAPI__SOCIAL__CALENDAR__SVC__MODULE.html</Path>
            <Subnodes>
             <Node>
              <Name>Common</Name>
              <Path>group__CAPI__SOCIAL__CALENDAR__SVC__COMMON__MODULE.html</Path>
              <Subnodes>
              </Subnodes>
             </Node>
             <Node>
              <Name>Database</Name>
              <Path>group__CAPI__SOCIAL__CALENDAR__SVC__DATABASE__MODULE.html</Path>
              <Subnodes>
              </Subnodes>
             </Node>
             <Node>
              <Name>Filter</Name>
              <Path>group__CAPI__SOCIAL__CALENDAR__SVC__FILTER__MODULE.html</Path>
              <Subnodes>
              </Subnodes>
             </Node>
             <Node>
              <Name>List</Name>
              <Path>group__CAPI__SOCIAL__CALENDAR__SVC__LIST__MODULE.html</Path>
              <Subnodes>
              </Subnodes>
             </Node>
             <Node>
              <Name>Query</Name>
              <Path>group__CAPI__SOCIAL__CALENDAR__SVC__QUERY__MODULE.html</Path>
              <Subnodes>
              </Subnodes>
             </Node>
             <Node>
              <Name>Record</Name>
              <Path>group__CAPI__SOCIAL__CALENDAR__SVC__RECORD__MODULE.html</Path>
              <Subnodes>
              </Subnodes>
             </Node>
             <Node>
              <Name>Reminder</Name>
              <Path>group__CAPI__SOCIAL__CALENDAR__SVC__REMINDER__MODULE.html</Path>
              <Subnodes>
              </Subnodes>
             </Node>
             <Node>
              <Name>View/Property</Name>
              <Path>group__CAPI__SOCIAL__CALENDAR__SVC__VIEW__MODULE.html</Path>
              <Subnodes>
              </Subnodes>
             </Node>
             <Node>
              <Name>vCalendar</Name>
              <Path>group__CAPI__SOCIAL__CALENDAR__SVC__VCALENDAR__MODULE.html</Path>
              <Subnodes>
              </Subnodes>
             </Node>
            </Subnodes>
           </Node>
           <Node>
            <Name>Contacts</Name>
            <Path>group__CAPI__SOCIAL__CONTACTS__SVC__MODULE.html</Path>
            <Subnodes>
             <Node>
              <Name>Activity</Name>
              <Path>group__CAPI__SOCIAL__CONTACTS__SVC__ACTIVITY__MODULE.html</Path>
              <Subnodes>
              </Subnodes>
             </Node>
             <Node>
              <Name>Common</Name>
              <Path>group__CAPI__SOCIAL__CONTACTS__SVC__COMMON__MODULE.html</Path>
              <Subnodes>
              </Subnodes>
             </Node>
             <Node>
              <Name>Database</Name>
              <Path>group__CAPI__SOCIAL__CONTACTS__SVC__DATABASE__MODULE.html</Path>
              <Subnodes>
              </Subnodes>
             </Node>
             <Node>
              <Name>Filter</Name>
              <Path>group__CAPI__SOCIAL__CONTACTS__SVC__FILTER__MODULE.html</Path>
              <Subnodes>
              </Subnodes>
             </Node>
             <Node>
              <Name>Group</Name>
              <Path>group__CAPI__SOCIAL__CONTACTS__SVC__GROUP__MODULE.html</Path>
              <Subnodes>
              </Subnodes>
             </Node>
             <Node>
              <Name>List</Name>
              <Path>group__CAPI__SOCIAL__CONTACTS__SVC__LIST__MODULE.html</Path>
              <Subnodes>
              </Subnodes>
             </Node>
             <Node>
              <Name>Person</Name>
              <Path>group__CAPI__SOCIAL__CONTACTS__SVC__PERSON__MODULE.html</Path>
              <Subnodes>
              </Subnodes>
             </Node>
             <Node>
              <Name>Phone log</Name>
              <Path>group__CAPI__SOCIAL__CONTACTS__SVC__PHONELOG__MODULE.html</Path>
              <Subnodes>
              </Subnodes>
             </Node>
             <Node>
              <Name>Query</Name>
              <Path>group__CAPI__SOCIAL__CONTACTS__SVC__QUERY__MODULE.html</Path>
              <Subnodes>
              </Subnodes>
             </Node>
             <Node>
              <Name>Record</Name>
              <Path>group__CAPI__SOCIAL__CONTACTS__SVC__RECORD__MODULE.html</Path>
              <Subnodes>
              </Subnodes>
             </Node>
             <Node>
              <Name>SIM</Name>
              <Path>group__CAPI__SOCIAL__CONTACTS__SVC__SIM__MODULE.html</Path>
              <Subnodes>
              </Subnodes>
             </Node>
             <Node>
              <Name>Setting</Name>
              <Path>group__CAPI__SOCIAL__CONTACTS__SVC__SETTING__MODULE.html</Path>
              <Subnodes>
              </Subnodes>
             </Node>
             <Node>
              <Name>View/Property</Name>
              <Path>group__CAPI__SOCIAL__CONTACTS__SVC__VIEW__MODULE.html</Path>
              <Subnodes>
              </Subnodes>
             </Node>
             <Node>
              <Name>vCard</Name>
              <Path>group__CAPI__SOCIAL__CONTACTS__SVC__VCARD__MODULE.html</Path>
              <Subnodes>
              </Subnodes>
             </Node>
            </Subnodes>
           </Node>
          </Subnodes>
         </Node>
         <Node>
          <Name>System</Name>
          <Path>group__CAPI__SYSTEM__FRAMEWORK.html</Path>
          <Subnodes>
           <Node>
            <Name>Device</Name>
            <Path>group__CAPI__SYSTEM__DEVICE__MODULE.html</Path>
            <Subnodes>
             <Node>
              <Name>Battery</Name>
              <Path>group__CAPI__SYSTEM__DEVICE__BATTERY__MODULE.html</Path>
              <Subnodes>
              </Subnodes>
             </Node>
             <Node>
              <Name>Callback</Name>
              <Path>group__CAPI__SYSTEM__DEVICE__CALLBACK__MODULE.html</Path>
              <Subnodes>
              </Subnodes>
             </Node>
             <Node>
              <Name>Display</Name>
              <Path>group__CAPI__SYSTEM__DEVICE__DISPLAY__MODULE.html</Path>
              <Subnodes>
              </Subnodes>
             </Node>
             <Node>
              <Name>Haptic</Name>
              <Path>group__CAPI__SYSTEM__DEVICE__HAPTIC__MODULE.html</Path>
              <Subnodes>
              </Subnodes>
             </Node>
             <Node>
              <Name>Led</Name>
              <Path>group__CAPI__SYSTEM__DEVICE__LED__MODULE.html</Path>
              <Subnodes>
              </Subnodes>
             </Node>
             <Node>
              <Name>Power</Name>
              <Path>group__CAPI__SYSTEM__DEVICE__POWER__MODULE.html</Path>
              <Subnodes>
              </Subnodes>
             </Node>
            </Subnodes>
           </Node>
           <Node>
            <Name>Media key</Name>
            <Path>group__CAPI__SYSTEM__MEDIA__KEY__MODULE.html</Path>
            <Subnodes>
            </Subnodes>
           </Node>
           <Node>
            <Name>Runtime information</Name>
            <Path>group__CAPI__SYSTEM__RUNTIME__INFO__MODULE.html</Path>
            <Subnodes>
            </Subnodes>
           </Node>
           <Node>
            <Name>Sensor</Name>
            <Path>group__CAPI__SYSTEM__SENSOR__MODULE.html</Path>
            <Subnodes>
             <Node>
              <Name>Hardware Information</Name>
              <Path>group__CAPI__SYSTEM__SENSOR__INFORMATION__MODULE.html</Path>
              <Subnodes>
              </Subnodes>
             </Node>
             <Node>
              <Name>Utility</Name>
              <Path>group__CAPI__SYSTEM__SENSOR__UTILITY__MODULE.html</Path>
              <Subnodes>
              </Subnodes>
             </Node>
            </Subnodes>
           </Node>
           <Node>
            <Name>Storage</Name>
            <Path>group__CAPI__SYSTEM__STORAGE__MODULE.html</Path>
            <Subnodes>
            </Subnodes>
           </Node>
           <Node>
            <Name>System Information</Name>
            <Path>group__CAPI__SYSTEM__SYSTEM__INFO__MODULE.html</Path>
            <Subnodes>
            </Subnodes>
           </Node>
           <Node>
            <Name>System Settings</Name>
            <Path>group__CAPI__SYSTEM__SYSTEM__SETTINGS__MODULE.html</Path>
            <Subnodes>
            </Subnodes>
           </Node>
           <Node>
            <Name>dlog</Name>
            <Path>group__CAPI__SYSTEM__DLOG.html</Path>
            <Subnodes>
            </Subnodes>
           </Node>
          </Subnodes>
         </Node>
         <Node>
          <Name>Telephony</Name>
          <Path>group__CAPI__TELEPHONY__FRAMEWORK.html</Path>
          <Subnodes>
           <Node>
            <Name>Telephony Information</Name>
            <Path>group__CAPI__TELEPHONY__INFORMATION.html</Path>
            <Subnodes>
             <Node>
              <Name>Call</Name>
              <Path>group__CAPI__TELEPHONY__INFORMATION__CALL.html</Path>
              <Subnodes>
              </Subnodes>
             </Node>
             <Node>
              <Name>Modem</Name>
              <Path>group__CAPI__TELEPHONY__INFORMATION__MODEM.html</Path>
              <Subnodes>
              </Subnodes>
             </Node>
             <Node>
              <Name>Network</Name>
              <Path>group__CAPI__TELEPHONY__INFORMATION__NETWORK.html</Path>
              <Subnodes>
              </Subnodes>
             </Node>
             <Node>
              <Name>SIM</Name>
              <Path>group__CAPI__TELEPHONY__INFORMATION__SIM.html</Path>
              <Subnodes>
              </Subnodes>
             </Node>
            </Subnodes>
           </Node>
          </Subnodes>
         </Node>
         <Node>
          <Name>UI</Name>
          <Path>group__CAPI__UI__FRAMEWORK.html</Path>
          <Subnodes>
           <Node>
            <Name>Cairo</Name>
            <Path>group__OPENSRC__CAIRO__FRAMEWORK.html</Path>
            <Subnodes>
            </Subnodes>
           </Node>
           <Node>
            <Name>EFL</Name>
            <Path>group__EFL__Group.html</Path>
            <Subnodes>
             <Node>
              <Name>Ecore</Name>
              <Path>group__Ecore__Group.html</Path>
              <Subnodes>
               <Node>
                <Name>Ecore Main Loop</Name>
                <Path>group__Ecore__Main__Loop__Group.html</Path>
                <Subnodes>
                 <Node>
                  <Name>Ecore Animator</Name>
                  <Path>group__Ecore__Animator__Group.html</Path>
                  <Subnodes>
                  </Subnodes>
                 </Node>
                 <Node>
                  <Name>Ecore Event</Name>
                  <Path>group__Ecore__Event__Group.html</Path>
                  <Subnodes>
                  </Subnodes>
                 </Node>
                 <Node>
                  <Name>Ecore File Descriptor Handling</Name>
                  <Path>group__Ecore__FD__Handler__Group.html</Path>
                  <Subnodes>
                  </Subnodes>
                 </Node>
                 <Node>
                  <Name>Ecore Idle</Name>
                  <Path>group__Ecore__Idle__Group.html</Path>
                  <Subnodes>
                  </Subnodes>
                 </Node>
                 <Node>
                  <Name>Ecore Job</Name>
                  <Path>group__Ecore__Job__Group.html</Path>
                  <Subnodes>
                  </Subnodes>
                 </Node>
                 <Node>
                  <Name>Ecore Pipe Wrapper</Name>
                  <Path>group__Ecore__Pipe__Group.html</Path>
                  <Subnodes>
                  </Subnodes>
                 </Node>
                 <Node>
                  <Name>Ecore Poller</Name>
                  <Path>group__Ecore__Poller__Group.html</Path>
                  <Subnodes>
                  </Subnodes>
                 </Node>
                 <Node>
                  <Name>Ecore Thread</Name>
                  <Path>group__Ecore__Thread__Group.html</Path>
                  <Subnodes>
                  </Subnodes>
                 </Node>
                 <Node>
                  <Name>Ecore Time</Name>
                  <Path>group__Ecore__Time__Group.html</Path>
                  <Subnodes>
                  </Subnodes>
                 </Node>
                 <Node>
                  <Name>Ecore Timer</Name>
                  <Path>group__Ecore__Timer__Group.html</Path>
                  <Subnodes>
                  </Subnodes>
                 </Node>
                </Subnodes>
               </Node>
              </Subnodes>
             </Node>
             <Node>
              <Name>Edje</Name>
              <Path>group__Edje__Group.html</Path>
              <Subnodes>
               <Node>
                <Name>Edje Animation</Name>
                <Path>group__Edje__Animation.html</Path>
                <Subnodes>
                </Subnodes>
               </Node>
               <Node>
                <Name>Edje Class: Color</Name>
                <Path>group__Edje__Object__Color__Class.html</Path>
                <Subnodes>
                </Subnodes>
               </Node>
               <Node>
                <Name>Edje Class: Text</Name>
                <Path>group__Edje__Object__Text__Class.html</Path>
                <Subnodes>
                </Subnodes>
               </Node>
               <Node>
                <Name>Edje File</Name>
                <Path>group__Edje__File.html</Path>
                <Subnodes>
                </Subnodes>
               </Node>
               <Node>
                <Name>Edje Object</Name>
                <Path>group__Edje__Object__Group.html</Path>
                <Subnodes>
                 <Node>
                  <Name>Edje Communication Interface: Message</Name>
                  <Path>group__Edje__Object__Communication__Interface__Message.html</Path>
                  <Subnodes>
                  </Subnodes>
                 </Node>
                 <Node>
                  <Name>Edje Communication Interface: Signal</Name>
                  <Path>group__Edje__Object__Communication__Interface__Signal.html</Path>
                  <Subnodes>
                  </Subnodes>
                 </Node>
                 <Node>
                  <Name>Edje Geometry</Name>
                  <Path>group__Edje__Object__Geometry__Group.html</Path>
                  <Subnodes>
                  </Subnodes>
                 </Node>
                 <Node>
                  <Name>Edje Part</Name>
                  <Path>group__Edje__Object__Part.html</Path>
                  <Subnodes>
                   <Node>
                    <Name>Edje Box Part</Name>
                    <Path>group__Edje__Part__Box.html</Path>
                    <Subnodes>
                    </Subnodes>
                   </Node>
                   <Node>
                    <Name>Edje Drag</Name>
                    <Path>group__Edje__Part__Drag.html</Path>
                    <Subnodes>
                    </Subnodes>
                   </Node>
                   <Node>
                    <Name>Edje Swallow Part</Name>
                    <Path>group__Edje__Part__Swallow.html</Path>
                    <Subnodes>
                    </Subnodes>
                   </Node>
                   <Node>
                    <Name>Edje Table Part</Name>
                    <Path>group__Edje__Part__Table.html</Path>
                    <Subnodes>
                    </Subnodes>
                   </Node>
                   <Node>
                    <Name>Edje Text Part</Name>
                    <Path>group__Edje__Part__Text.html</Path>
                    <Subnodes>
                    </Subnodes>
                   </Node>
                  </Subnodes>
                 </Node>
                </Subnodes>
               </Node>
               <Node>
                <Name>Edje Perspective</Name>
                <Path>group__Edje__Perspective.html</Path>
                <Subnodes>
                </Subnodes>
               </Node>
               <Node>
                <Name>Edje Scale</Name>
                <Path>group__Edje__Object__Scale.html</Path>
                <Subnodes>
                </Subnodes>
               </Node>
              </Subnodes>
             </Node>
             <Node>
              <Name>Efl Extension</Name>
              <Path>group__EFL__EXTENSION__GROUP.html</Path>
              <Subnodes>
               <Node>
                <Name>Efl Extension Event</Name>
                <Path>group__EFL__EXTENSION__EVENTS__GROUP.html</Path>
                <Subnodes>
                </Subnodes>
               </Node>
              </Subnodes>
             </Node>
             <Node>
              <Name>Eina</Name>
              <Path>group__Eina__Group.html</Path>
              <Subnodes>
               <Node>
                <Name>Core</Name>
                <Path>group__Eina__Core__Group.html</Path>
                <Subnodes>
                 <Node>
                  <Name>Types</Name>
                  <Path>group__Eina__Types__Group.html</Path>
                  <Subnodes>
                  </Subnodes>
                 </Node>
                </Subnodes>
               </Node>
               <Node>
                <Name>Data Types</Name>
                <Path>group__Eina__Data__Types__Group.html</Path>
                <Subnodes>
                 <Node>
                  <Name>Binary Buffer</Name>
                  <Path>group__Eina__Binary__Buffer__Group.html</Path>
                  <Subnodes>
                  </Subnodes>
                 </Node>
                 <Node>
                  <Name>Binary Share</Name>
                  <Path>group__Eina__Binshare__Group.html</Path>
                  <Subnodes>
                  </Subnodes>
                 </Node>
                 <Node>
                  <Name>Containers</Name>
                  <Path>group__Eina__Containers__Group.html</Path>
                  <Subnodes>
                   <Node>
                    <Name>Array</Name>
                    <Path>group__Eina__Array__Group.html</Path>
                    <Subnodes>
                    </Subnodes>
                   </Node>
                   <Node>
                    <Name>Compact List</Name>
                    <Path>group__Eina__CList__Group.html</Path>
                    <Subnodes>
                    </Subnodes>
                   </Node>
                   <Node>
                    <Name>Hash Table</Name>
                    <Path>group__Eina__Hash__Group.html</Path>
                    <Subnodes>
                    </Subnodes>
                   </Node>
                   <Node>
                    <Name>Inline Array</Name>
                    <Path>group__Eina__Inline__Array__Group.html</Path>
                    <Subnodes>
                    </Subnodes>
                   </Node>
                   <Node>
                    <Name>Inline List</Name>
                    <Path>group__Eina__Inline__List__Group.html</Path>
                    <Subnodes>
                    </Subnodes>
                   </Node>
                   <Node>
                    <Name>List</Name>
                    <Path>group__Eina__List__Group.html</Path>
                    <Subnodes>
                    </Subnodes>
                   </Node>
                   <Node>
                    <Name>Red-Black tree</Name>
                    <Path>group__Eina__Rbtree__Group.html</Path>
                    <Subnodes>
                    </Subnodes>
                   </Node>
                   <Node>
                    <Name>Sparse Matrix</Name>
                    <Path>group__Eina__Matrixsparse__Group.html</Path>
                    <Subnodes>
                    </Subnodes>
                   </Node>
                   <Node>
                    <Name>Trash</Name>
                    <Path>group__Eina__Trash__Group.html</Path>
                    <Subnodes>
                    </Subnodes>
                   </Node>
                  </Subnodes>
                 </Node>
                 <Node>
                  <Name>Content Access</Name>
                  <Path>group__Eina__Content__Access__Group.html</Path>
                  <Subnodes>
                   <Node>
                    <Name>Accessor Functions</Name>
                    <Path>group__Eina__Accessor__Group.html</Path>
                    <Subnodes>
                    </Subnodes>
                   </Node>
                   <Node>
                    <Name>Iterator Functions</Name>
                    <Path>group__Eina__Iterator__Group.html</Path>
                    <Subnodes>
                    </Subnodes>
                   </Node>
                  </Subnodes>
                 </Node>
                 <Node>
                  <Name>String Buffer</Name>
                  <Path>group__Eina__String__Buffer__Group.html</Path>
                  <Subnodes>
                  </Subnodes>
                 </Node>
                 <Node>
                  <Name>Stringshare</Name>
                  <Path>group__Eina__Stringshare__Group.html</Path>
                  <Subnodes>
                  </Subnodes>
                 </Node>
                 <Node>
                  <Name>Tiler</Name>
                  <Path>group__Eina__Tiler__Group.html</Path>
                  <Subnodes>
                  </Subnodes>
                 </Node>
                 <Node>
                  <Name>Tmpstr</Name>
                  <Path>group__Eina__Tmpstr__Group.html</Path>
                  <Subnodes>
                  </Subnodes>
                 </Node>
                 <Node>
                  <Name>Unicode String</Name>
                  <Path>group__Eina__Unicode__String.html</Path>
                  <Subnodes>
                  </Subnodes>
                 </Node>
                 <Node>
                  <Name>Unicode String Buffer</Name>
                  <Path>group__Eina__Unicode__String__Buffer__Group.html</Path>
                  <Subnodes>
                  </Subnodes>
                 </Node>
                 <Node>
                  <Name>Unicode Stringshare</Name>
                  <Path>group__Eina__UStringshare__Group.html</Path>
                  <Subnodes>
                  </Subnodes>
                 </Node>
                </Subnodes>
               </Node>
               <Node>
                <Name>Tools</Name>
                <Path>group__Eina__Tools__Group.html</Path>
                <Subnodes>
                 <Node>
                  <Name>Convert</Name>
                  <Path>group__Eina__Convert__Group.html</Path>
                  <Subnodes>
                  </Subnodes>
                 </Node>
                 <Node>
                  <Name>Counter</Name>
                  <Path>group__Eina__Counter__Group.html</Path>
                  <Subnodes>
                  </Subnodes>
                 </Node>
                 <Node>
                  <Name>Error</Name>
                  <Path>group__Eina__Error__Group.html</Path>
                  <Subnodes>
                  </Subnodes>
                 </Node>
                 <Node>
                  <Name>Lazy allocator</Name>
                  <Path>group__Eina__Lalloc__Group.html</Path>
                  <Subnodes>
                  </Subnodes>
                 </Node>
                 <Node>
                  <Name>Module</Name>
                  <Path>group__Eina__Module__Group.html</Path>
                  <Subnodes>
                  </Subnodes>
                 </Node>
                 <Node>
                  <Name>Rectangle</Name>
                  <Path>group__Eina__Rectangle__Group.html</Path>
                  <Subnodes>
                  </Subnodes>
                 </Node>
                 <Node>
                  <Name>Simple_XML</Name>
                  <Path>group__Eina__Simple__XML__Group.html</Path>
                  <Subnodes>
                  </Subnodes>
                 </Node>
                 <Node>
                  <Name>String</Name>
                  <Path>group__Eina__String__Group.html</Path>
                  <Subnodes>
                  </Subnodes>
                 </Node>
                </Subnodes>
               </Node>
              </Subnodes>
             </Node>
             <Node>
              <Name>Elementary</Name>
              <Path>group__Elementary.html</Path>
              <Subnodes>
               <Node>
                <Name>Elementary Containers</Name>
                <Path>group__elm__container__group.html</Path>
                <Subnodes>
                 <Node>
                  <Name>Box</Name>
                  <Path>group__Box.html</Path>
                  <Subnodes>
                  </Subnodes>
                 </Node>
                 <Node>
                  <Name>Grid</Name>
                  <Path>group__Grid.html</Path>
                  <Subnodes>
                  </Subnodes>
                 </Node>
                 <Node>
                  <Name>Table</Name>
                  <Path>group__Table.html</Path>
                  <Subnodes>
                  </Subnodes>
                 </Node>
                </Subnodes>
               </Node>
               <Node>
                <Name>Elementary Infrastructure</Name>
                <Path>group__elm__infra__group.html</Path>
                <Subnodes>
                 <Node>
                  <Name>App</Name>
                  <Path>group__App.html</Path>
                  <Subnodes>
                  </Subnodes>
                 </Node>
                 <Node>
                  <Name>Caches</Name>
                  <Path>group__Caches.html</Path>
                  <Subnodes>
                  </Subnodes>
                 </Node>
                 <Node>
                  <Name>Cursors</Name>
                  <Path>group__Cursors.html</Path>
                  <Subnodes>
                  </Subnodes>
                 </Node>
                 <Node>
                  <Name>Debug</Name>
                  <Path>group__Debug.html</Path>
                  <Subnodes>
                  </Subnodes>
                 </Node>
                 <Node>
                  <Name>Elementary Colors</Name>
                  <Path>group__colors__group.html</Path>
                  <Subnodes>
                  </Subnodes>
                 </Node>
                 <Node>
                  <Name>Elementary Config</Name>
                  <Path>group__Config.html</Path>
                  <Subnodes>
                  </Subnodes>
                 </Node>
                 <Node>
                  <Name>Elementary Engine</Name>
                  <Path>group__Engine.html</Path>
                  <Subnodes>
                  </Subnodes>
                 </Node>
                 <Node>
                  <Name>Elementary Fonts</Name>
                  <Path>group__Fonts.html</Path>
                  <Subnodes>
                  </Subnodes>
                 </Node>
                 <Node>
                  <Name>Elementary Profile</Name>
                  <Path>group__Profile.html</Path>
                  <Subnodes>
                  </Subnodes>
                 </Node>
                 <Node>
                  <Name>Elementary Scrolling</Name>
                  <Path>group__Scrolling.html</Path>
                  <Subnodes>
                  </Subnodes>
                 </Node>
                 <Node>
                  <Name>Elementary Selection</Name>
                  <Path>group__Selection.html</Path>
                  <Subnodes>
                  </Subnodes>
                 </Node>
                 <Node>
                  <Name>Elm_gen_group</Name>
                  <Path>group__elm__gen__group.html</Path>
                  <Subnodes>
                  </Subnodes>
                 </Node>
                 <Node>
                  <Name>Fingers</Name>
                  <Path>group__Fingers.html</Path>
                  <Subnodes>
                  </Subnodes>
                 </Node>
                 <Node>
                  <Name>Focus</Name>
                  <Path>group__Focus.html</Path>
                  <Subnodes>
                  </Subnodes>
                 </Node>
                 <Node>
                  <Name>General</Name>
                  <Path>group__General.html</Path>
                  <Subnodes>
                  </Subnodes>
                 </Node>
                 <Node>
                  <Name>Gesture Layer</Name>
                  <Path>group__Elm__Gesture__Layer.html</Path>
                  <Subnodes>
                  </Subnodes>
                 </Node>
                 <Node>
                  <Name>Longpress</Name>
                  <Path>group__longpress__group.html</Path>
                  <Subnodes>
                  </Subnodes>
                 </Node>
                 <Node>
                  <Name>Mirroring</Name>
                  <Path>group__Mirroring.html</Path>
                  <Subnodes>
                  </Subnodes>
                 </Node>
                 <Node>
                  <Name>Password show last</Name>
                  <Path>group__Password__last__show.html</Path>
                  <Subnodes>
                  </Subnodes>
                 </Node>
                 <Node>
                  <Name>Scrollhints</Name>
                  <Path>group__Scrollhints.html</Path>
                  <Subnodes>
                  </Subnodes>
                 </Node>
                 <Node>
                  <Name>SotfCursor</Name>
                  <Path>group__softcursor__group.html</Path>
                  <Subnodes>
                  </Subnodes>
                 </Node>
                 <Node>
                  <Name>Styles</Name>
                  <Path>group__Styles.html</Path>
                  <Subnodes>
                  </Subnodes>
                 </Node>
                 <Node>
                  <Name>Theme</Name>
                  <Path>group__Theme.html</Path>
                  <Subnodes>
                  </Subnodes>
                 </Node>
                 <Node>
                  <Name>Tooltips</Name>
                  <Path>group__Tooltips.html</Path>
                  <Subnodes>
                  </Subnodes>
                 </Node>
                 <Node>
                  <Name>Transit</Name>
                  <Path>group__Transit.html</Path>
                  <Subnodes>
                  </Subnodes>
                 </Node>
                 <Node>
                  <Name>Widget Scaling</Name>
                  <Path>group__Scaling.html</Path>
                  <Subnodes>
                  </Subnodes>
                 </Node>
                 <Node>
                  <Name>Widget Tree Navigation</Name>
                  <Path>group__WidgetNavigation.html</Path>
                  <Subnodes>
                  </Subnodes>
                 </Node>
                </Subnodes>
               </Node>
               <Node>
                <Name>Elementary Widgets</Name>
                <Path>group__elm__widget__group.html</Path>
                <Subnodes>
                 <Node>
                  <Name>Background</Name>
                  <Path>group__Bg.html</Path>
                  <Subnodes>
                  </Subnodes>
                 </Node>
                 <Node>
                  <Name>Button</Name>
                  <Path>group__Button.html</Path>
                  <Subnodes>
                  </Subnodes>
                 </Node>
                 <Node>
                  <Name>Check</Name>
                  <Path>group__Check.html</Path>
                  <Subnodes>
                  </Subnodes>
                 </Node>
                 <Node>
                  <Name>Colorselector</Name>
                  <Path>group__Colorselector.html</Path>
                  <Subnodes>
                  </Subnodes>
                 </Node>
                 <Node>
                  <Name>Conformant</Name>
                  <Path>group__Conformant.html</Path>
                  <Subnodes>
                  </Subnodes>
                 </Node>
                 <Node>
                  <Name>Ctxpopup</Name>
                  <Path>group__Ctxpopup.html</Path>
                  <Subnodes>
                  </Subnodes>
                 </Node>
                 <Node>
                  <Name>Datetime</Name>
                  <Path>group__Datetime.html</Path>
                  <Subnodes>
                  </Subnodes>
                 </Node>
                 <Node>
                  <Name>Entry</Name>
                  <Path>group__Entry.html</Path>
                  <Subnodes>
                  </Subnodes>
                 </Node>
                 <Node>
                  <Name>Flip</Name>
                  <Path>group__Flip.html</Path>
                  <Subnodes>
                  </Subnodes>
                 </Node>
                 <Node>
                  <Name>GLView</Name>
                  <Path>group__GLView.html</Path>
                  <Subnodes>
                  </Subnodes>
                 </Node>
                 <Node>
                  <Name>Gengrid (Generic grid)</Name>
                  <Path>group__Gengrid.html</Path>
                  <Subnodes>
                  </Subnodes>
                 </Node>
                 <Node>
                  <Name>Genlist</Name>
                  <Path>group__Genlist.html</Path>
                  <Subnodes>
                  </Subnodes>
                 </Node>
                 <Node>
                  <Name>Icon</Name>
                  <Path>group__Icon.html</Path>
                  <Subnodes>
                  </Subnodes>
                 </Node>
                 <Node>
                  <Name>Image</Name>
                  <Path>group__Image.html</Path>
                  <Subnodes>
                  </Subnodes>
                 </Node>
                 <Node>
                  <Name>Index</Name>
                  <Path>group__Index.html</Path>
                  <Subnodes>
                  </Subnodes>
                 </Node>
                 <Node>
                  <Name>Label</Name>
                  <Path>group__Label.html</Path>
                  <Subnodes>
                  </Subnodes>
                 </Node>
                 <Node>
                  <Name>Layout</Name>
                  <Path>group__Layout.html</Path>
                  <Subnodes>
                  </Subnodes>
                 </Node>
                 <Node>
                  <Name>List</Name>
                  <Path>group__List.html</Path>
                  <Subnodes>
                  </Subnodes>
                 </Node>
                 <Node>
                  <Name>Map</Name>
                  <Path>group__Map.html</Path>
                  <Subnodes>
                  </Subnodes>
                 </Node>
                 <Node>
                  <Name>Mapbuf</Name>
                  <Path>group__Mapbuf.html</Path>
                  <Subnodes>
                  </Subnodes>
                 </Node>
                 <Node>
                  <Name>Multibuttonentry</Name>
                  <Path>group__Multibuttonentry.html</Path>
                  <Subnodes>
                  </Subnodes>
                 </Node>
                 <Node>
                  <Name>Naviframe</Name>
                  <Path>group__Naviframe.html</Path>
                  <Subnodes>
                  </Subnodes>
                 </Node>
                 <Node>
                  <Name>Notify</Name>
                  <Path>group__Notify.html</Path>
                  <Subnodes>
                  </Subnodes>
                 </Node>
                 <Node>
                  <Name>Panel</Name>
                  <Path>group__Panel.html</Path>
                  <Subnodes>
                  </Subnodes>
                 </Node>
                 <Node>
                  <Name>Panes</Name>
                  <Path>group__Panes.html</Path>
                  <Subnodes>
                  </Subnodes>
                 </Node>
                 <Node>
                  <Name>Photocam</Name>
                  <Path>group__Photocam.html</Path>
                  <Subnodes>
                  </Subnodes>
                 </Node>
                 <Node>
                  <Name>Plug</Name>
                  <Path>group__Plug.html</Path>
                  <Subnodes>
                  </Subnodes>
                 </Node>
                 <Node>
                  <Name>Popup</Name>
                  <Path>group__Popup.html</Path>
                  <Subnodes>
                  </Subnodes>
                 </Node>
                 <Node>
                  <Name>Progress bar</Name>
                  <Path>group__Progressbar.html</Path>
                  <Subnodes>
                  </Subnodes>
                 </Node>
                 <Node>
                  <Name>Radio</Name>
                  <Path>group__Radio.html</Path>
                  <Subnodes>
                  </Subnodes>
                 </Node>
                 <Node>
                  <Name>Scroller</Name>
                  <Path>group__Scroller.html</Path>
                  <Subnodes>
                  </Subnodes>
                 </Node>
                 <Node>
                  <Name>SegmentControl</Name>
                  <Path>group__SegmentControl.html</Path>
                  <Subnodes>
                  </Subnodes>
                 </Node>
                 <Node>
                  <Name>Slider</Name>
                  <Path>group__Slider.html</Path>
                  <Subnodes>
                  </Subnodes>
                 </Node>
                 <Node>
                  <Name>Spinner</Name>
                  <Path>group__Spinner.html</Path>
                  <Subnodes>
                  </Subnodes>
                 </Node>
                 <Node>
                  <Name>Toolbar</Name>
                  <Path>group__Toolbar.html</Path>
                  <Subnodes>
                  </Subnodes>
                 </Node>
                 <Node>
                  <Name>Win</Name>
                  <Path>group__Win.html</Path>
                  <Subnodes>
                   <Node>
                    <Name>Inwin</Name>
                    <Path>group__Inwin.html</Path>
                    <Subnodes>
                    </Subnodes>
                   </Node>
                  </Subnodes>
                 </Node>
                </Subnodes>
               </Node>
              </Subnodes>
             </Node>
             <Node>
              <Name>Evas</Name>
              <Path>group__Evas.html</Path>
              <Subnodes>
               <Node>
                <Name>Evas</Name>
                <Path>group__Evas.html</Path>
                <Anchor>evas_main</Anchor>
               </Node>
               <Node>
                <Name>Canvas Functions</Name>
                <Path>group__Evas__Canvas.html</Path>
                <Subnodes>
                 <Node>
                  <Name>Canvas Events</Name>
                  <Path>group__Evas__Canvas__Events.html</Path>
                  <Subnodes>
                   <Node>
                    <Name>Input Events Freezing Functions</Name>
                    <Path>group__Evas__Event__Freezing__Group.html</Path>
                    <Subnodes>
                    </Subnodes>
                   </Node>
                  </Subnodes>
                 </Node>
                 <Node>
                  <Name>Coordinate Mapping Functions</Name>
                  <Path>group__Evas__Coord__Mapping__Group.html</Path>
                  <Subnodes>
                  </Subnodes>
                 </Node>
                 <Node>
                  <Name>Key Input Functions</Name>
                  <Path>group__Evas__Keys.html</Path>
                  <Subnodes>
                  </Subnodes>
                 </Node>
                 <Node>
                  <Name>Output and Viewport Resizing Functions</Name>
                  <Path>group__Evas__Output__Size.html</Path>
                  <Subnodes>
                  </Subnodes>
                 </Node>
                 <Node>
                  <Name>Pointer (Mouse) Functions</Name>
                  <Path>group__Evas__Pointer__Group.html</Path>
                  <Subnodes>
                  </Subnodes>
                 </Node>
                 <Node>
                  <Name>Render Engine Functions</Name>
                  <Path>group__Evas__Output__Method.html</Path>
                  <Subnodes>
                  </Subnodes>
                 </Node>
                 <Node>
                  <Name>Rendering GL on Evas</Name>
                  <Path>group__Evas__GL.html</Path>
                  <Subnodes>
                   <Node>
                    <Name>Elementary GL Helper functions</Name>
                    <Path>group__Elementary__GL__Helpers.html</Path>
                    <Subnodes>
                     <Node>
                      <Name></Name>
                      <Path>group__Elementary__GL__Helpers.html</Path>
                     </Node>
                     <Node>
                      <Name>OpenGL with Elementary</Name>
                      <Path>group__Elementary__GL__Helpers.html</Path>
                      <Anchor>elm_opengl_page</Anchor>
                     </Node>
                    </Subnodes>
                   </Node>
                  </Subnodes>
                 </Node>
                </Subnodes>
               </Node>
               <Node>
                <Name>General Utilities</Name>
                <Path>group__Evas__Utils.html</Path>
                <Subnodes>
                </Subnodes>
               </Node>
               <Node>
                <Name>Generic Object Functions</Name>
                <Path>group__Evas__Object__Group.html</Path>
                <Subnodes>
                 <Node>
                  <Name>Basic Object Manipulation</Name>
                  <Path>group__Evas__Object__Group__Basic.html</Path>
                  <Subnodes>
                  </Subnodes>
                 </Node>
                 <Node>
                  <Name>Extra Object Manipulation</Name>
                  <Path>group__Evas__Object__Group__Extras.html</Path>
                  <Subnodes>
                  </Subnodes>
                 </Node>
                 <Node>
                  <Name>Object Events</Name>
                  <Path>group__Evas__Object__Group__Events.html</Path>
                  <Subnodes>
                  </Subnodes>
                 </Node>
                 <Node>
                  <Name>Size Hints</Name>
                  <Path>group__Evas__Object__Group__Size__Hints.html</Path>
                  <Subnodes>
                  </Subnodes>
                 </Node>
                 <Node>
                  <Name>Smart Object Functions</Name>
                  <Path>group__Evas__Smart__Object__Group.html</Path>
                  <Subnodes>
                   <Node>
                    <Name>Box Smart Object</Name>
                    <Path>group__Evas__Object__Box.html</Path>
                    <Subnodes>
                    </Subnodes>
                   </Node>
                   <Node>
                    <Name>Grid Smart Object.</Name>
                    <Path>group__Evas__Object__Grid.html</Path>
                    <Subnodes>
                    </Subnodes>
                   </Node>
                   <Node>
                    <Name>Table Smart Object.</Name>
                    <Path>group__Evas__Object__Table.html</Path>
                    <Subnodes>
                    </Subnodes>
                   </Node>
                  </Subnodes>
                 </Node>
                 <Node>
                  <Name>Specific Object Functions</Name>
                  <Path>group__Evas__Object__Specific.html</Path>
                  <Subnodes>
                   <Node>
                    <Name>Image Object Functions</Name>
                    <Path>group__Evas__Object__Image.html</Path>
                    <Subnodes>
                    </Subnodes>
                   </Node>
                   <Node>
                    <Name>Line Object Functions</Name>
                    <Path>group__Evas__Line__Group.html</Path>
                    <Subnodes>
                    </Subnodes>
                   </Node>
                   <Node>
                    <Name>Polygon Object Functions</Name>
                    <Path>group__Evas__Object__Polygon.html</Path>
                    <Subnodes>
                    </Subnodes>
                   </Node>
                   <Node>
                    <Name>Rectangle Object Functions</Name>
                    <Path>group__Evas__Object__Rectangle.html</Path>
                    <Subnodes>
                    </Subnodes>
                   </Node>
                   <Node>
                    <Name>Text Object Functions</Name>
                    <Path>group__Evas__Object__Text.html</Path>
                    <Subnodes>
                    </Subnodes>
                   </Node>
                   <Node>
                    <Name>Textblock Object Functions</Name>
                    <Path>group__Evas__Object__Textblock.html</Path>
                    <Subnodes>
                    </Subnodes>
                   </Node>
                  </Subnodes>
                 </Node>
                 <Node>
                  <Name>UV Mapping (Rotation, Perspective, 3D...)</Name>
                  <Path>group__Evas__Object__Group__Map.html</Path>
                  <Subnodes>
                  </Subnodes>
                 </Node>
                </Subnodes>
               </Node>
              </Subnodes>
             </Node>
            </Subnodes>
           </Node>
           <Node>
            <Name>EFL UTIL</Name>
            <Path>group__CAPI__EFL__UTIL__MODULE.html</Path>
            <Subnodes>
            </Subnodes>
           </Node>
           <Node>
            <Name>FontConfig</Name>
            <Path>group__OPENSRC__FONTCONFIG__FRAMEWORK.html</Path>
            <Subnodes>
            </Subnodes>
           </Node>
           <Node>
            <Name>Freetype</Name>
            <Path>group__OPENSRC__FREETYPE__FRAMEWORK.html</Path>
            <Subnodes>
            </Subnodes>
           </Node>
           <Node>
            <Name>TBM Surface</Name>
            <Path>group__CAPI__UI__TBM__SURFACE__MODULE.html</Path>
            <Subnodes>
            </Subnodes>
           </Node>
          </Subnodes>
         </Node>
         <Node>
          <Name>UIX</Name>
          <Path>group__CAPI__UIX__FRAMEWORK.html</Path>
          <Subnodes>
           <Node>
            <Name>STT</Name>
            <Path>group__CAPI__UIX__STT__MODULE.html</Path>
            <Subnodes>
            </Subnodes>
           </Node>
           <Node>
            <Name>TTS</Name>
            <Path>group__CAPI__UIX__TTS__MODULE.html</Path>
            <Subnodes>
            </Subnodes>
           </Node>
          </Subnodes>
         </Node>
         <Node>
          <Name>Web</Name>
          <Path>group__CAPI__WEB__FRAMEWORK.html</Path>
          <Subnodes>
           <Node>
            <Name>Json-Glib</Name>
            <Path>group__OPENSRC__JSONGLIB__FRAMEWORK.html</Path>
            <Subnodes>
            </Subnodes>
           </Node>
           <Node>
            <Name>WebView</Name>
            <Path>group__WEBVIEW.html</Path>
            <Subnodes>
            </Subnodes>
           </Node>
           <Node>
            <Name>libOAuth</Name>
            <Path>group__OPENSRC__LIB__OAUTH__FRAMEK.html</Path>
            <Subnodes>
            </Subnodes>
           </Node>
          </Subnodes>
         </Node>
        </Subnodes>
       </Node>
      </Subnodes>
    </Node>
  </TOC>
</DocSetNodes>
